user,voiceprint
unknown,"-0.320195, -1.039322, 1.511154, 0.997614, -0.70189, 0.727017, 0.954529, 0.500542, 0.447617, -0.982064, 0.852842, 1.541571, -0.318802, -1.701015, -0.981364, 1.436739, -0.490913, 2.762176, 2.128671, -1.443513, -0.476351, 0.855218, 0.637283, 0.750873, -0.831031, -0.178277, -1.609809, 0.717483, 0.220554, 0.985475, -0.06992, 0.335336, 0.661114, 0.123856, -0.489653, -0.119136, 0.393718, -1.180345, -0.021562, 1.240246, -0.740294, -0.906523, 1.215335, 1.209227, -1.128184, 1.161291, 0.478903, 0.008269, 0.256142, -1.235515, -0.307678, 0.424832, 0.235098, 2.571008, 0.502108, -1.396932, -0.677743, 0.185148, -1.500085, 1.666287, 0.273146, -0.36717, 2.782839, 0.216909, 0.492605, 0.572531, 0.400463, 1.36379, 0.247172, 0.760018, -0.285566, -0.721617, 0.892949, -1.529203, 1.498922, 1.151083, -0.264622, -0.742691, 0.046799, -0.68814, -0.053574, -0.614465, 0.014256, -0.679418, 0.933526, -0.811504, -1.19724, -0.160533, -0.714126, -0.139214, 0.115275, 0.138399, -0.689947, 2.889327, 1.075007, -0.958741, 0.120296, -0.137186, -1.082851, 0.097354, -0.15546, 0.043304, -0.100559, -0.734053, 0.220935, -0.189543, 1.725009, -0.54919, 0.016259, 0.515665, -0.018124, -0.423104, -0.697096, -0.380301, 0.146658, -0.166663, 0.271852, -1.100245, -1.994485, 2.367168, -1.137098, 0.55519, -0.677116, -0.642508, 0.51115, 0.632263, -2.015391, 1.790745"
